{"cameraMode":{"drawMode":0,"name":"Shaded","section":"Shading Mode"},"sceneLighting":true,"audioPlay":false,"sceneViewState":{"showFog":true,"showMaterialUpdate":true,"showSkybox":true,"showFlares":true,"showImageEffects":true,"showParticleSystems":true},"in2DMode":false,"pivot":{"x":0.1912769079208374,"y":0.6815500259399414,"z":-0.03130292892456055},"rotation":{"x":-0.4791644513607025,"y":0.017639530822634698,"z":-0.009630558080971241,"w":-0.8774950504302979},"size":4.18330192565918,"orthographic":false}