{"cameraMode":{"drawMode":0,"name":"Shaded","section":"Shading Mode"},"sceneLighting":true,"audioPlay":false,"sceneViewState":{"showFog":true,"showMaterialUpdate":true,"showSkybox":true,"showFlares":true,"showImageEffects":true,"showParticleSystems":true},"in2DMode":false,"pivot":{"x":0.02163517475128174,"y":-0.04047095775604248,"z":-0.2757837772369385},"rotation":{"x":-0.21542681753635407,"y":0.1362963616847992,"z":-0.030378594994544984,"w":-0.9664842486381531},"size":4.18330192565918,"orthographic":false}