{"cameraMode":{"drawMode":0,"name":"Shaded","section":"Shading Mode"},"sceneLighting":true,"audioPlay":false,"sceneViewState":{"showFog":true,"showMaterialUpdate":true,"showSkybox":true,"showFlares":true,"showImageEffects":true,"showParticleSystems":true},"in2DMode":false,"pivot":{"x":0.4054756760597229,"y":0.6853642463684082,"z":-0.01674443483352661},"rotation":{"x":-0.4791644513607025,"y":0.017639530822634698,"z":-0.009630558080971241,"w":-0.8774950504302979},"size":1.4608051776885987,"orthographic":false}